{
  "dataset": "STEAD-test",
  "data_note": "DATASET-GATED real STEAD run. PNW OOD remains gated; reuse scripts/pnw_zeroshot.py.",
  "p_threshold": 0.3,
  "latency_budgets_s": [
    0.5,
    1.0,
    2.0,
    5.0,
    7.0,
    "inf"
  ],
  "causal_checkpoint": "/home/ubuntu/seismic-edge-picker/checkpoints/stage3_causal/best.pt",
  "causal_checkpoint_missing_random_model": false,
  "shipped_checkpoint": "/home/ubuntu/seismic-edge-picker/checkpoints/stage2_distill/best.pt",
  "shipped_checkpoint_missing_random_model": false,
  "chunk_samples": 1000,
  "sta_lta_tuned_params": {
    "sta_s": 1.0,
    "lta_s": 5.0,
    "on": 3.0
  },
  "sta_lta_tuning_summary": {
    "system": "sta_lta",
    "measurement": "true streaming latency",
    "precision": 0.9234930448222566,
    "recall": 0.9484126984126984,
    "f1": 0.9357870007830854,
    "mae_conditional_hit_ms": 1457.8493723849372,
    "hit_rate": 0.9484126984126984,
    "false_triggers_per_hour": 17.513513513513512,
    "median_latency_s": 0.25,
    "p90_latency_s": 4.33,
    "curve": {
      "0.5": 0.5753968253968254,
      "1": 0.7746031746031746,
      "2": 0.819047619047619,
      "5": 0.8626984126984127,
      "7": 0.8833333333333333,
      "inf": 0.9484126984126984,
      "median_latency_s": 0.25,
      "p90_latency_s": 4.33,
      "recall_inf": 0.9484126984126984
    }
  },
  "summaries": [
    {
      "system": "shipped_unet_proxy",
      "measurement": "masking proxy, not true streaming",
      "precision": 0.0,
      "recall": 0.0,
      "f1": 0.0,
      "mae_conditional_hit_ms": 9.975669099756692,
      "hit_rate": 0.0,
      "false_triggers_per_hour": 0.24324324324324323,
      "median_latency_s": null,
      "p90_latency_s": null,
      "curve": {
        "0.5": 0.1738095238095238,
        "1": 0.5095238095238095,
        "2": 0.6007936507936508,
        "5": 0.6626984126984127,
        "7": 0.9746031746031746,
        "inf": 0.9785714285714285,
        "median_latency_s": null,
        "p90_latency_s": null,
        "recall_inf": 0.0
      }
    },
    {
      "system": "causal_unet",
      "measurement": "true streaming latency",
      "precision": 0.9863123993558777,
      "recall": 0.9722222222222222,
      "f1": 0.9792166266986412,
      "mae_conditional_hit_ms": 53.861224489795916,
      "hit_rate": 0.9722222222222222,
      "false_triggers_per_hour": 3.081081081081081,
      "median_latency_s": 3.99,
      "p90_latency_s": 5.99,
      "curve": {
        "0.5": 0.002380952380952381,
        "1": 0.15158730158730158,
        "2": 0.3055555555555556,
        "5": 0.7888888888888889,
        "7": 0.957936507936508,
        "inf": 0.9722222222222222,
        "median_latency_s": 3.99,
        "p90_latency_s": 5.99,
        "recall_inf": 0.9722222222222222
      }
    },
    {
      "system": "sta_lta",
      "measurement": "true streaming latency",
      "precision": 0.9234930448222566,
      "recall": 0.9484126984126984,
      "f1": 0.9357870007830854,
      "mae_conditional_hit_ms": 1457.8493723849372,
      "hit_rate": 0.9484126984126984,
      "false_triggers_per_hour": 17.513513513513512,
      "median_latency_s": 0.25,
      "p90_latency_s": 4.33,
      "curve": {
        "0.5": 0.5753968253968254,
        "1": 0.7746031746031746,
        "2": 0.819047619047619,
        "5": 0.8626984126984127,
        "7": 0.8833333333333333,
        "inf": 0.9484126984126984,
        "median_latency_s": 0.25,
        "p90_latency_s": 4.33,
        "recall_inf": 0.9484126984126984
      },
      "tuned_params": {
        "sta_s": 1.0,
        "lta_s": 5.0,
        "on": 3.0
      }
    }
  ]
}