phase,sample,time_s,probability,event_id
P,800,8.0,0.4821097254753113,1
P,12590,125.9,0.828993558883667,2
S,13067,130.67,0.9093451499938965,2
